{
  "vcc": 3.3,
  "r_fixed": 1000.0,
  "adc_max": 4095,
  "pad_area_mm2": 122.7,
  "sensors": {
    "0": {
      "a": 2012.8315817259854,
      "b": 0.7422136161200041,
      "r2": 1.0
    },
    "1": {
      "a": 2146.6306135682544,
      "b": 0.7483439522240726,
      "r2": 0.999
    },
    "2": {
      "a": 1917.6635412179728,
      "b": 0.7581848302445637,
      "r2": 1.0
    },
    "3": {
      "a": 1965.6986790574217,
      "b": 0.7659556145254891,
      "r2": 0.999
    },
    "4": {
      "a": 1977.2843177083907,
      "b": 0.7589041601795837,
      "r2": 0.999
    },
    "5": {
      "a": 1861.33368640469,
      "b": 0.7329314395343594,
      "r2": 1.0
    },
    "6": {
      "a": 2165.245883762902,
      "b": 0.7637609932646872,
      "r2": 0.999
    },
    "7": {
      "a": 2271.6232849987555,
      "b": 0.773932959155729,
      "r2": 1.0
    }
  }
}